Label,Area,equivalent_diameter,orientation,MajorAxisLength,MinorAxisLength,Perimeter,MinIntensity,MeanIntensity,MaxIntensity
1,6.75,2.9316150714175193,21.93529490389254,4.039826551713082,2.2143611711752653,9.414213562373096,62.0,69.25925925925925,74.0
2,159.25,14.239501307948768,-14.444835138096963,37.702774435857975,11.421753776879566,181.17209588551708,69.0,81.67660910518053,96.0
3,43.5,7.442171739215616,76.11090177828757,11.162978807457646,9.309032449492523,50.07411613907041,77.0,88.3103448275862,105.0
4,2.0,1.5957691216057308,90.0,2.23606797749979,1.0,4.0,80.0,87.625,94.0
5,2.0,1.5957691216057308,90.0,2.23606797749979,1.0,4.0,92.0,95.625,100.0
6,52.5,8.175883811466258,-50.86249398801331,19.95773351897021,5.023354278295937,57.352290732122434,81.0,94.86190476190477,105.0
7,1487.0,43.51215006203655,48.982986220452744,90.1859203866923,49.69854860478604,1480.8036969655927,78.0,118.25437121721588,146.0
8,8.5,3.2897623212397704,-31.052307376595646,5.155396243965015,2.171636989639439,11.242640687119284,98.0,104.76470588235294,111.0
9,1.5,1.381976597885342,90.0,1.632993161855452,1.0,3.0,92.0,97.83333333333333,103.0
10,10.75,3.6996385101659595,-7.33020746669886,4.762699395650784,3.4066844917011347,13.949747468305832,76.0,95.76744186046511,105.0
11,3.5,2.111004122822376,-45.0,2.390457218668787,1.7728105208558367,5.414213562373095,83.0,99.35714285714286,111.0
12,54.0,8.291859587312052,33.25953906114394,14.380085917406818,9.116571575615495,60.420310216782966,82.0,103.44907407407408,118.0
13,5.25,2.5854414729132054,86.38640335584347,3.1185355480371646,2.1629526470873968,7.414213562373096,88.0,102.04761904761905,107.0
14,715.75,30.188097060666024,87.68329022024848,45.46687632814517,39.282612304732545,704.3041302414813,71.0,120.71847712190011,140.0
15,11.75,3.8678889139475245,59.1931941618058,6.520719562876486,3.006692248065778,16.724873734152915,100.0,118.40425531914893,125.0
16,1.5,1.381976597885342,90.0,1.632993161855452,1.0,3.0,113.0,115.33333333333333,116.0
17,16798.5,146.24812645717424,-5.3925316176139715,309.9629792582141,176.31841600460112,16165.868101566364,77.0,130.49193380361342,161.0
18,3.5,2.111004122822376,82.83864001089823,2.724676832948657,1.5729257260488638,5.707106781186548,114.0,120.78571428571429,126.0
19,51.5,8.097643889049511,86.64788325927907,11.992605085704692,7.51967465791218,54.59188309203678,95.0,120.7621359223301,130.0
20,7.0,2.985410660720923,-60.84983471525217,3.7617258614430917,2.4164466602260397,9.121320343559642,111.0,119.5,129.0
21,1.5,1.381976597885342,90.0,1.632993161855452,1.0,3.0,117.0,120.0,123.0
22,3.0,1.9544100476116797,90.0,3.415650255319866,1.0,6.0,116.0,120.25,125.0
23,12.5,3.989422804014327,64.65382405805332,5.692099788303083,3.836665218650175,18.053300858899107,99.0,112.68,117.0
24,7.75,3.141274657157109,-30.376082770266354,4.678648292729139,2.259895662362256,10.535533905932738,97.0,105.25806451612904,110.0
25,80.25,10.108287365572707,79.38381974109129,14.355836139821957,9.414582305567922,72.3700576850888,106.0,117.82554517133957,127.0
26,295.5,19.39696588307668,-8.44199732357673,40.815157507730774,15.791997627901369,271.1695705685754,58.0,108.55668358714044,130.0
27,6.0,2.763953195770684,-4.649620841031699,3.8525312343733065,2.003040128116447,8.414213562373096,61.0,66.33333333333333,76.0
28,4.75,2.4592453796829674,-12.820502912152639,2.772349116888545,2.1478476084574902,6.707106781186548,102.0,113.42105263157895,121.0
29,9.75,3.523362819972964,-4.284570939918823,6.2522412291004885,2.0357292592780576,12.707106781186548,73.0,92.66666666666667,106.0
30,3.75,2.1850968611841584,-45.0,2.309401076758503,2.0132891827388666,5.707106781186548,106.0,111.33333333333333,115.0
31,2.25,1.692568750643269,-45.0,1.632993161855452,1.632993161855452,4.0,90.0,95.44444444444444,99.0
32,2.25,1.692568750643269,-45.0,1.632993161855452,1.632993161855452,4.0,66.0,71.22222222222223,83.0
33,4.0,2.256758334191025,-63.93749182554911,2.9326504330976517,1.702809865267451,6.414213562373095,102.0,108.0,115.0
34,51.5,8.097643889049511,-6.162998238280809,14.813987091823638,6.451310191254636,60.00609665440987,66.0,76.01456310679612,89.0
35,6.5,2.876813695875796,77.92973693274404,3.8236793794308617,2.4724893961281436,9.121320343559642,66.0,75.76923076923077,87.0
36,2.25,1.692568750643269,-45.0,1.632993161855452,1.632993161855452,4.0,97.0,106.44444444444444,112.0
37,6.25,2.8209479177387813,34.21943438758118,3.405485603075886,2.3157434674943738,8.121320343559642,105.0,116.4,125.0
38,3.0,1.9544100476116797,90.0,2.23606797749979,1.632993161855452,5.0,107.0,112.5,118.0
39,3.0,1.9544100476116797,0.0,2.23606797749979,1.632993161855452,5.0,100.0,109.83333333333333,116.0
40,24.75,5.613615477764332,-86.28977731129748,10.757743635949014,4.799113095408462,27.899494936611664,82.0,100.91919191919192,109.0
41,13.25,4.1073621666150775,1.0935156012123164,7.271145227421577,2.710252796632052,16.82842712474619,112.0,122.01886792452831,128.0
42,2.25,1.692568750643269,-45.0,1.632993161855452,1.632993161855452,4.0,62.0,68.88888888888889,74.0
43,9.75,3.523362819972964,59.86270640156184,5.03565412872989,2.842197201410037,12.414213562373096,109.0,118.84615384615384,129.0
44,3.0,1.9544100476116797,90.0,2.23606797749979,1.632993161855452,5.0,92.0,102.5,112.0
45,3.0,1.9544100476116797,90.0,2.23606797749979,1.632993161855452,5.0,117.0,122.5,129.0
46,6.25,2.8209479177387813,69.10101029166107,3.301488167840419,2.3905179099119325,8.121320343559642,109.0,117.44,123.0
47,23.5,5.4700209598571305,7.716266504327585,10.78439797195066,3.5671241480640785,27.485281374238568,96.0,106.30851063829788,119.0
48,21.25,5.201570947860099,-80.59504526941913,8.27383875961889,4.373219119484568,25.071067811865476,65.0,84.96470588235294,109.0
49,3.0,1.9544100476116797,0.0,2.23606797749979,1.632993161855452,5.0,73.0,78.91666666666667,82.0
50,9.25,3.431831258788849,59.54670193680478,5.40854361598629,2.573327962251947,12.535533905932738,101.0,109.97297297297297,118.0
51,11.5,3.826519928662906,-16.35219191324374,6.185106500484155,2.8430321610534017,14.967514421272202,95.0,109.1086956521739,119.0
52,3.75,2.1850968611841584,-45.0,2.309401076758503,2.0132891827388666,5.707106781186548,117.0,124.73333333333333,130.0
53,39.5,7.091753098990329,-37.65606963556413,13.341474622906318,5.176295104799139,39.8492424049175,78.0,90.39240506329114,102.0
54,2.25,1.692568750643269,-45.0,1.632993161855452,1.632993161855452,4.0,94.0,107.33333333333333,115.0
55,6.25,2.8209479177387813,-8.130102354155978,3.9597979746446663,2.039607805437114,8.707106781186548,123.0,128.24,133.0
56,2.0,1.5957691216057308,0.0,2.23606797749979,1.0,4.0,68.0,72.625,76.0
57,21.75,5.262410103554244,-1.7745817113613425,7.750078753837597,5.002862149395179,26.94974746830583,78.0,86.47126436781609,97.0
58,2.25,1.692568750643269,-45.0,1.632993161855452,1.632993161855452,4.0,123.0,129.11111111111111,134.0
59,21.75,5.262410103554244,-24.437097099467785,6.7084520308648194,4.406630404740253,20.899494936611667,113.0,119.97701149425288,127.0
60,28.5,6.023896332520351,2.543682684657489,9.795983027953376,5.360554664382415,28.606601717798213,88.0,113.14035087719299,124.0
61,208.0,16.273715780512877,-42.10879990863939,27.56448046196512,20.0831444659458,222.83504678941932,100.0,128.2403846153846,143.0
62,10.25,3.6125759969217834,-75.3422939864113,4.937527952321867,2.9906253076485765,12.535533905932738,89.0,99.41463414634147,109.0
63,7.0,2.985410660720923,16.2061533091756,3.399995796038319,2.6440591890283063,8.707106781186548,117.0,125.60714285714286,135.0
64,2.25,1.692568750643269,-45.0,1.632993161855452,1.632993161855452,4.0,87.0,95.66666666666667,102.0
65,4.25,2.326213245840639,-24.901742879534538,2.847653258236741,1.8531388280453736,6.414213562373095,116.0,121.94117647058823,126.0
66,2.25,1.692568750643269,-45.0,1.632993161855452,1.632993161855452,4.0,67.0,75.88888888888889,84.0
67,266.0,18.403307281560924,1.6362896661822226,29.129312597799085,22.705085812685194,269.651803615609,73.0,96.19172932330827,115.0
68,63.0,8.95623198216277,-32.6855971399072,14.676987117670803,10.815588456375245,65.67766952966369,107.0,120.1547619047619,129.0
69,4.25,2.326213245840639,-24.901742879534538,2.847653258236741,1.8531388280453736,6.414213562373095,102.0,118.58823529411765,128.0
70,3.5,2.111004122822376,-45.0,2.390457218668787,1.7728105208558367,5.414213562373095,122.0,124.07142857142857,126.0
71,13.5,4.145929793656026,-26.98602884256204,5.016379167933746,3.8739395720094425,16.242640687119284,88.0,101.75925925925925,106.0
72,2.25,1.692568750643269,-45.0,1.632993161855452,1.632993161855452,4.0,114.0,118.33333333333333,122.0
73,7.25,3.0382538898732494,-15.639122676601994,3.767698148487336,2.4840856143961023,9.121320343559642,90.0,99.06896551724138,107.0
74,2.25,1.692568750643269,-45.0,1.632993161855452,1.632993161855452,4.0,112.0,117.22222222222223,122.0
75,10.0,3.5682482323055424,44.139477239099875,4.015121617932272,3.2853916651158857,11.121320343559642,71.0,79.275,84.0
76,2.25,1.692568750643269,-45.0,1.632993161855452,1.632993161855452,4.0,125.0,126.11111111111111,127.0
77,5.0,2.5231325220201604,-16.11893240360693,3.4035606700242047,1.8670229686493913,7.414213562373095,109.0,118.35,127.0
78,2.25,1.692568750643269,-45.0,1.632993161855452,1.632993161855452,4.0,88.0,95.55555555555556,103.0
79,3.0,1.9544100476116797,90.0,2.23606797749979,1.632993161855452,5.0,84.0,96.5,106.0
80,7.5,3.0901936161855166,-23.947880986733292,6.21258025385817,2.151862740984709,12.0,109.0,116.26666666666667,124.0
81,14.25,4.259537945889915,-7.004119073490965,7.051534085138171,4.090929092657123,19.071067811865476,113.0,122.94736842105263,131.0
82,3.75,2.1850968611841584,45.0,2.309401076758503,2.0132891827388666,5.707106781186548,112.0,122.93333333333334,131.0
83,13.25,4.1073621666150775,2.7227054124895127,6.637640723419553,2.73944508531698,15.535533905932738,94.0,110.86792452830188,121.0
84,3.5,2.111004122822376,45.0,2.390457218668787,1.7728105208558367,5.414213562373095,117.0,125.21428571428571,130.0
85,6.5,2.876813695875796,22.49050451153218,4.114608581047224,2.0752548314135026,9.121320343559642,68.0,80.73076923076923,95.0
86,12.0,3.9088200952233594,35.01303690629456,5.804547362169581,2.78792175250812,13.82842712474619,88.0,99.54166666666667,108.0
87,265.5,18.386002804502823,-5.083156921066338,43.746882654943754,12.92430801480251,234.47413408594534,76.0,110.32768361581921,130.0
88,6.0,2.763953195770684,67.5870753846033,4.265801039608964,1.912356702380011,9.121320343559642,87.0,105.75,114.0
89,2.25,1.692568750643269,-45.0,1.632993161855452,1.632993161855452,4.0,126.0,128.66666666666666,131.0
90,3.75,2.1850968611841584,45.00000000000002,2.309401076758503,2.0132891827388666,5.707106781186548,115.0,127.46666666666667,133.0
91,14.5,4.296739856991561,-46.26904106747101,6.136067728397356,3.3988236497821362,15.242640687119284,75.0,80.6896551724138,88.0
92,13.75,4.1841419359420025,86.19324908500121,6.300696021782851,2.800190056377165,14.535533905932738,116.0,127.6,135.0
93,2.25,1.692568750643269,-45.0,1.632993161855452,1.632993161855452,4.0,103.0,106.44444444444444,110.0
94,35.0,6.6755811781245455,35.932906830660755,8.077875363656002,7.06461222826632,38.24568901432422,75.0,86.32857142857142,96.0
95,8.75,3.3377905890622728,42.007224341232124,4.928069547237747,3.042261498849805,13.224873734152917,117.0,124.77142857142857,131.0
96,7.0,2.985410660720923,-19.97575418702668,4.0154439161128295,2.257343108978896,9.121320343559642,110.0,121.21428571428571,129.0
97,2.25,1.692568750643269,-45.0,1.632993161855452,1.632993161855452,4.0,97.0,110.22222222222223,117.0
98,9.25,3.431831258788849,-63.68492834131119,4.702668221390886,2.9074403910102387,12.242640687119284,88.0,99.72972972972973,111.0
99,2.25,1.692568750643269,-45.0,1.632993161855452,1.632993161855452,4.0,103.0,106.33333333333333,109.0
100,110.5,11.861406733319429,-21.416965886527386,21.60112744153837,11.007762861848107,117.87310601229373,104.0,132.14027149321268,144.0
101,3.0,1.9544100476116797,0.0,2.23606797749979,1.632993161855452,5.0,116.0,119.75,124.0
102,2.25,1.692568750643269,-45.0,1.632993161855452,1.632993161855452,4.0,94.0,98.77777777777777,104.0
103,2.25,1.692568750643269,-45.0,1.632993161855452,1.632993161855452,4.0,61.0,74.88888888888889,94.0
104,11.75,3.8678889139475245,11.390224197451737,6.052070757639577,2.7028579138764384,14.242640687119286,109.0,125.27659574468085,135.0
105,17.5,4.720348719413148,85.07448358733825,5.686580923736127,4.693715017244496,18.535533905932738,114.0,121.38571428571429,129.0
106,104.75,11.54867275105708,28.034852254107093,24.905978220829315,8.649667444549234,101.64823227814082,105.0,129.49403341288783,145.0
107,2.25,1.692568750643269,-45.0,1.632993161855452,1.632993161855452,4.0,120.0,126.44444444444444,133.0
108,3.75,2.1850968611841584,0.0,2.8284271247461903,1.632993161855452,6.0,109.0,121.2,126.0
109,6.0,2.763953195770684,81.86989764584403,4.041451884327381,1.9578900207451218,8.707106781186548,88.0,101.70833333333333,111.0
110,6.75,2.9316150714175193,-86.20267831570429,3.9058627769347565,2.189433416161563,8.707106781186548,118.0,125.14814814814815,129.0
111,15.25,4.406461512053774,-21.88030517948379,5.884961638932531,3.912076199080361,19.242640687119284,76.0,85.93442622950819,94.0
112,4.0,2.256758334191025,-45.0,2.23606797749979,2.23606797749979,6.0,111.0,116.4375,121.0
113,69.0,9.373021315815206,-21.93452345792509,16.189204627797984,8.35501100327223,60.21320343559643,89.0,107.7536231884058,117.0
114,2.25,1.692568750643269,-45.0,1.632993161855452,1.632993161855452,4.0,118.0,126.0,130.0
115,5.25,2.5854414729132054,15.818017999313794,3.321947097894845,1.9688148985210256,7.414213562373095,86.0,96.38095238095238,105.0
116,5.5,2.6462837142006137,-13.759676688478015,4.023305195200135,1.7589789770809634,8.414213562373096,98.0,105.36363636363636,112.0
117,31.0,6.282549314314218,43.82657540584123,11.412905465374958,4.82463122589549,35.83147545195113,87.0,109.05645161290323,125.0
118,2.25,1.692568750643269,-45.0,1.632993161855452,1.632993161855452,4.0,132.0,136.77777777777777,148.0
119,30.75,6.257165172872317,2.52705764753139,11.828548122239882,5.201783092701826,35.60660171779821,109.0,120.42276422764228,129.0
120,904.75,33.940587474278324,23.891867566078584,55.846020054364686,38.80299953106687,956.9112549695428,76.0,105.43603205305332,131.0
121,2.25,1.692568750643269,-45.0,1.632993161855452,1.632993161855452,4.0,135.0,139.44444444444446,143.0
122,2.25,1.692568750643269,-45.0,1.632993161855452,1.632993161855452,4.0,87.0,94.88888888888889,104.0
123,2.25,1.692568750643269,-45.0,1.632993161855452,1.632993161855452,4.0,90.0,110.11111111111111,120.0
124,3.0,1.9544100476116797,0.0,2.23606797749979,1.632993161855452,5.0,110.0,114.83333333333333,125.0
125,2.5,1.7841241161527712,0.0,2.8284271247461903,1.0,5.0,84.0,87.0,91.0
126,32.75,6.457444935117649,-0.8451064789998675,9.455662208574964,6.047626518052759,36.31370849898476,80.0,88.85496183206106,100.0
127,12.75,4.029119531035698,43.185116423238206,7.7273697930116185,2.4944732119081543,17.449747468305834,94.0,112.09803921568627,123.0
128,10.0,3.5682482323055424,16.559146737825476,4.433036252666212,2.897531636159839,10.82842712474619,87.0,107.175,119.0
129,6.75,2.9316150714175193,66.02363022618027,3.364085415899025,2.578228853226751,8.414213562373096,115.0,125.29629629629629,135.0
130,7.25,3.0382538898732494,50.21426423871904,3.750030502119203,2.485928318387825,9.121320343559642,80.0,98.86206896551724,106.0
131,20.25,5.077706251929807,-8.63113638368215,9.936119272772844,2.9569809790110413,22.36396103067893,104.0,124.4074074074074,134.0
132,13.25,4.1073621666150775,-23.600156592757635,4.563282931399606,3.8731508605529688,13.535533905932738,99.0,111.33962264150944,119.0
133,2.25,1.692568750643269,-45.0,1.632993161855452,1.632993161855452,4.0,112.0,120.22222222222223,133.0
134,6.25,2.8209479177387813,-77.58842981355566,3.126258314785466,2.5636124803165434,8.121320343559642,132.0,138.76,144.0
135,3.0,1.9544100476116797,0.0,2.23606797749979,1.632993161855452,5.0,136.0,139.5,142.0
136,9.5,3.477898169151024,45.0,5.486826328388274,2.4267667122944214,12.242640687119284,82.0,117.39473684210526,130.0
137,338.0,20.7449985808745,78.15010435008473,31.612557151059043,25.088792755031797,374.5573952066306,103.0,140.47337278106508,157.0
138,2.25,1.692568750643269,-45.0,1.632993161855452,1.632993161855452,4.0,94.0,107.11111111111111,117.0
139,2.25,1.692568750643269,-45.0,1.632993161855452,1.632993161855452,4.0,114.0,119.66666666666667,123.0
140,9.5,3.477898169151024,-84.98223928328028,4.178206834484736,3.073375138130356,11.535533905932738,133.0,139.26315789473685,149.0
141,163.0,14.406180819073164,6.38058188688384,36.801621594960594,9.797133278443795,147.0685424949238,110.0,135.15490797546013,154.0
142,5.0,2.5231325220201604,90.0,2.8284271247461903,2.23606797749979,7.0,96.0,104.55,114.0
143,6.75,2.9316150714175193,-80.4532539997572,5.228708486568072,1.6978898034658316,10.414213562373096,133.0,140.1851851851852,147.0
144,46.25,7.673807981960539,-71.27477532709867,13.930377917960866,6.69819583576913,53.09188309203678,96.0,117.8,127.0
145,8.5,3.2897623212397704,25.072771563046743,4.70935650692239,2.5691453838797287,10.535533905932738,112.0,123.1470588235294,133.0
146,2.25,1.692568750643269,-45.0,1.632993161855452,1.632993161855452,4.0,125.0,134.88888888888889,146.0
147,3.0,1.9544100476116797,0.0,2.23606797749979,1.632993161855452,5.0,79.0,86.33333333333333,91.0
148,33.5,6.530966601401967,13.058863047989082,9.169461925044567,6.882364932570945,36.31370849898476,109.0,127.31343283582089,135.0
149,2.25,1.692568750643269,-45.0,1.632993161855452,1.632993161855452,4.0,127.0,129.22222222222223,134.0
150,2.25,1.692568750643269,-45.0,1.632993161855452,1.632993161855452,4.0,128.0,138.33333333333334,146.0
151,10.75,3.6996385101659595,-57.979167745902394,5.290880290811183,2.776726369057537,12.82842712474619,124.0,129.7906976744186,137.0
152,13.75,4.1841419359420025,-61.74041405392733,7.065798214552692,3.025366539555498,16.36396103067893,109.0,124.30909090909091,137.0
153,102.25,11.410028196686037,-56.748274321274735,19.92910507136447,15.274710068311833,113.33757210636101,109.0,133.38875305623472,150.0
154,10.75,3.6996385101659595,-47.56579522768791,5.813237800892728,2.7785964697418395,13.82842712474619,105.0,115.13953488372093,125.0
155,2.25,1.692568750643269,-45.0,1.632993161855452,1.632993161855452,4.0,119.0,123.66666666666667,129.0
156,60.0,8.740387444736633,23.073355212228023,16.340777759001732,6.458372817756532,56.00609665440987,124.0,136.6625,150.0
157,24.5,5.585191925620057,-36.396695584959794,9.55527174145502,3.768718295446487,23.192388155425117,119.0,130.75510204081633,139.0
158,10.75,3.6996385101659595,61.41022386910327,4.281352335399882,3.4188317446425627,11.82842712474619,108.0,131.95348837209303,143.0
159,10.5,3.656366395715726,-66.40855717654574,5.028598985402083,2.6489709547853826,11.535533905932738,118.0,130.78571428571428,142.0
160,98.0,11.170383851240114,76.95587910769122,19.109881198039425,10.841238540481118,100.90863991822648,113.0,126.0561224489796,137.0
161,13.0,4.068428945128219,-80.7318448119053,7.428269853392187,2.554397971542244,15.949747468305834,124.0,136.0,145.0
162,10.75,3.6996385101659595,87.58748568930196,6.850467236021707,2.0827215990943855,14.121320343559642,109.0,123.09302325581395,132.0
163,5.75,2.7057581899030048,90.0,2.7026556987687047,2.680180001290859,7.414213562373095,105.0,110.1304347826087,115.0
164,10.75,3.6996385101659595,-4.41318547711396,5.921262113805443,2.4816877246838454,13.242640687119284,106.0,116.02325581395348,125.0
165,145.75,13.622579184763433,71.29783492987825,23.641300770120505,14.318029366472729,150.94722215136414,97.0,142.02058319039452,155.0
166,6.5,2.876813695875796,33.32098164211347,4.1193529272206595,2.349905470727197,10.32842712474619,124.0,132.03846153846155,141.0
167,9.0,3.385137501286538,-85.96877158141758,4.757917175443338,2.449716930690193,10.828427124746192,124.0,133.61111111111111,140.0
168,4.5,2.393653682408596,17.296144343754975,2.8306637414376574,2.0244638534736237,6.707106781186548,132.0,139.22222222222223,146.0
169,11.0,3.742410318509555,62.174023176053836,4.698503093698741,3.4707303993467487,14.535533905932738,130.0,141.9090909090909,147.0
170,4.75,2.4592453796829674,-12.820502912152639,2.772349116888545,2.1478476084574902,6.707106781186548,122.0,126.94736842105263,132.0
171,2.25,1.692568750643269,-45.0,1.632993161855452,1.632993161855452,4.0,127.0,133.11111111111111,137.0
172,3.75,2.1850968611841584,90.0,2.8284271247461903,1.632993161855452,6.0,80.0,90.8,98.0
173,17.75,4.753945931439391,44.38097194461726,8.564532469418792,3.6123539385853447,23.27817459305202,125.0,140.1549295774648,149.0
174,3.0,1.9544100476116797,0.0,2.23606797749979,1.632993161855452,5.0,137.0,142.75,148.0
175,163.75,14.439285835884782,63.33233955485549,23.376007027962896,16.715981088950137,183.13961030678928,113.0,146.42290076335877,161.0
176,5.25,2.5854414729132054,-78.95105394215564,3.4307311380870464,1.989466012432116,7.707106781186548,135.0,146.04761904761904,154.0
177,10.25,3.6125759969217834,-65.13428273037661,6.947239083169455,2.347045682169784,14.207106781186548,121.0,130.14634146341464,137.0
178,6.0,2.763953195770684,-52.26007450926851,4.636266981436048,1.883267146082186,9.207106781186548,111.0,122.875,130.0
179,42.75,7.377736139048903,71.8925051595165,16.556840628940478,5.152716304511971,46.384776310850235,128.0,144.30409356725147,154.0
180,6.25,2.8209479177387813,-12.411570186444337,3.1262583147854657,2.563612480316543,8.121320343559642,141.0,146.52,156.0
181,6.25,2.8209479177387813,42.70031771816741,3.940267133137235,2.008157095328568,8.535533905932738,103.0,113.72,120.0
182,3.0,1.9544100476116797,0.0,2.23606797749979,1.632993161855452,5.0,117.0,122.75,128.0
183,11.5,3.826519928662906,-73.71025472685518,4.803728225792359,3.4462931032516284,13.242640687119284,120.0,131.6086956521739,143.0
184,3636.0,68.04042169664332,31.939694207219045,125.75854876137778,97.22650115527996,3553.3196410806304,94.0,139.71823432343234,160.0
185,2.25,1.692568750643269,-45.0,1.632993161855452,1.632993161855452,4.0,99.0,106.22222222222223,112.0
186,32.0,6.383076486422923,-5.2387692920593,16.37050467092711,3.0145698709191713,38.00304832720494,74.0,87.734375,102.0
187,14.5,4.296739856991561,-70.20044461877042,4.903756530031388,4.218274264214465,14.535533905932738,116.0,122.34482758620689,130.0
188,6.25,2.8209479177387813,-45.0,2.8284271247461903,2.8284271247461903,8.0,125.0,131.24,139.0
189,58.5,8.63044108762739,40.12734499086864,19.22924880637353,6.195711532251076,60.21320343559642,127.0,143.23931623931625,153.0
190,2.25,1.692568750643269,-45.0,1.632993161855452,1.632993161855452,4.0,139.0,143.33333333333334,147.0
191,9.5,3.477898169151024,52.55217702873808,5.538639245284794,2.45444623805897,12.82842712474619,129.0,142.81578947368422,149.0
192,4.5,2.393653682408596,71.56505117707799,3.559026084010437,1.6329931618554518,7.414213562373096,105.0,112.72222222222223,120.0
193,15.5,4.442433223290478,9.363440230834545,7.148964888666196,3.0106473009075363,16.65685424949238,117.0,124.96774193548387,134.0
194,34.0,6.579524642479541,-50.10485161083533,10.470559936309249,6.677357097201454,34.14213562373095,113.0,132.40441176470588,141.0
195,5.5,2.6462837142006137,45.00000000000002,2.9848100289785457,2.3636363636363633,7.414213562373096,136.0,146.9090909090909,154.0
196,6.25,2.8209479177387813,24.471151493658656,4.1149726667969055,2.1349941338360554,9.414213562373096,133.0,136.44,143.0
197,3.75,2.1850968611841584,0.0,2.8284271247461903,1.632993161855452,6.0,111.0,119.2,125.0
198,4.75,2.4592453796829674,77.17949708784735,2.7723491168885444,2.1478476084574902,6.707106781186548,137.0,143.94736842105263,149.0
199,8.75,3.3377905890622728,40.527745584811406,4.3507072107272355,2.6772510709939557,10.82842712474619,139.0,145.02857142857144,154.0
200,35.0,6.6755811781245455,67.129151784755,10.864050281081797,4.950444554385489,35.8492424049175,126.0,145.52857142857144,159.0
201,30.25,6.206085419025319,5.1072219739705895,9.620045835974487,7.078841799533819,35.77817459305203,134.0,146.1900826446281,155.0
202,33.25,6.506551687525748,-74.91950658010445,8.3569489775134,6.5595678979292655,35.020815280171306,134.0,142.5639097744361,151.0
203,8.5,3.2897623212397704,31.250301117365538,4.068756782712449,2.693493423872856,9.82842712474619,102.0,116.23529411764706,123.0
204,4.5,2.393653682408596,-45.0,4.546060565661952,1.6329931618554518,8.0,141.0,148.44444444444446,155.0
205,12.25,3.949327084834294,10.586517326052503,6.229093336190241,2.926088636670988,14.242640687119284,138.0,144.12244897959184,152.0
206,63.75,9.009385160867895,-14.160428639544147,16.60306483675781,8.467070736316693,65.50609665440987,137.0,147.18039215686275,157.0
207,11.0,3.742410318509555,43.9863386497499,4.684619326004655,3.2759773687919327,12.535533905932738,115.0,132.9090909090909,142.0
208,5.25,2.5854414729132054,85.55207151516835,3.246767819546955,2.051048035927536,7.414213562373095,138.0,143.42857142857142,152.0
209,22.25,5.322553886092406,40.126159949898835,8.59879875923393,4.194947801088734,21.571067811865476,122.0,143.41573033707866,155.0
210,2.25,1.692568750643269,-45.0,1.632993161855452,1.632993161855452,4.0,111.0,114.33333333333333,118.0
211,3.0,1.9544100476116797,0.0,2.23606797749979,1.632993161855452,5.0,80.0,88.58333333333333,96.0
212,24.0,5.527906391541368,37.17496497474026,7.259517679709615,5.111976365706231,26.192388155425117,103.0,110.73958333333333,119.0
213,2.25,1.692568750643269,-45.0,1.632993161855452,1.632993161855452,4.0,126.0,131.44444444444446,138.0
214,27.75,5.944106103225343,4.129875186703113,11.617320860152159,3.899927308894524,29.98528137423857,124.0,144.8918918918919,153.0
215,2.25,1.692568750643269,-45.0,1.632993161855452,1.632993161855452,4.0,140.0,145.55555555555554,152.0
216,5.75,2.7057581899030048,56.07200559491383,3.5267718035563376,2.1104810288297275,8.121320343559642,113.0,119.26086956521739,126.0
217,31.0,6.282549314314218,80.04101763538822,15.830527657453073,3.2953807921515463,35.72792206135786,130.0,146.63709677419354,160.0
218,3.0,1.9544100476116797,90.0,2.23606797749979,1.632993161855452,5.0,139.0,144.08333333333334,149.0
219,7.5,3.0901936161855166,-36.75656809179647,4.9835535637601245,2.4961691737140805,11.121320343559642,127.0,132.83333333333334,142.0
220,13.0,4.068428945128219,8.34763899224037,5.944636007271041,3.2827865231295847,16.242640687119284,107.0,116.26923076923077,123.0
221,22.5,5.352372348458314,77.92476122875485,7.354537041537982,4.968559889322213,25.192388155425114,72.0,90.43333333333334,103.0
222,3.0,1.9544100476116797,90.0,2.23606797749979,1.632993161855452,5.0,135.0,145.16666666666666,152.0
223,2.25,1.692568750643269,-45.0,1.632993161855452,1.632993161855452,4.0,127.0,131.55555555555554,136.0
224,13.75,4.1841419359420025,1.5680147723304045,9.324731086194022,2.2385359194636245,18.949747468305834,139.0,144.76363636363635,152.0
225,4.25,2.326213245840639,-24.901742879534538,2.847653258236741,1.8531388280453736,6.414213562373095,115.0,119.05882352941177,125.0
226,5.25,2.5854414729132054,27.765046263819674,4.42831987205642,1.7248237951615977,8.0,140.0,147.66666666666666,155.0
227,4.0,2.256758334191025,63.93749182554911,2.9326504330976517,1.702809865267451,6.414213562373095,131.0,143.625,150.0
228,34.25,6.6036697681803656,-50.80969412618525,10.899151524974148,5.213714164781111,37.14213562373095,125.0,143.31386861313868,152.0
229,10.0,3.5682482323055424,66.65540085769904,4.761474288597953,3.0786949506277197,13.121320343559642,127.0,132.775,138.0
230,22.25,5.322553886092406,2.850942660109716,8.437000891543086,3.9545387715100864,21.071067811865476,135.0,145.64044943820224,154.0
231,11.75,3.8678889139475245,25.54774089986255,7.074254278570563,2.298899733118403,15.535533905932738,78.0,87.0,96.0
232,29.25,6.102643417692329,-49.872882822204595,10.389426761216269,4.39118949204326,26.606601717798213,87.0,140.82051282051282,152.0
233,5.75,2.7057581899030048,-11.599295256824092,3.9891189389084936,1.8639886589599128,8.414213562373096,107.0,112.56521739130434,117.0
234,2.25,1.692568750643269,-45.0,1.632993161855452,1.632993161855452,4.0,116.0,131.88888888888889,142.0
235,6.0,2.763953195770684,12.181226507656095,3.2607562570613595,2.405022931013727,8.121320343559642,113.0,119.16666666666667,127.0
236,5.5,2.6462837142006137,30.789657122252944,3.664375912877316,2.0169821361924787,8.414213562373096,133.0,145.6818181818182,154.0
237,46.25,7.673807981960539,39.84264256967515,14.90544636735499,5.19461416170194,41.970562748477136,116.0,132.01081081081082,145.0
238,2.25,1.692568750643269,-45.0,1.632993161855452,1.632993161855452,4.0,86.0,91.55555555555556,99.0
239,3.0,1.9544100476116797,90.0,2.23606797749979,1.632993161855452,5.0,138.0,145.33333333333334,150.0
240,5.75,2.7057581899030048,37.892073263163226,2.939514367863157,2.510110385403512,7.707106781186548,121.0,143.04347826086956,149.0
241,4.5,2.393653682408596,-17.296144343754975,2.8306637414376574,2.0244638534736237,6.707106781186548,138.0,147.27777777777777,156.0
242,5.75,2.7057581899030048,-25.26377007582809,4.25911427868963,1.775655155749454,8.82842712474619,140.0,146.34782608695653,154.0
243,13.0,4.068428945128219,56.06666659726197,5.346636388874243,3.713782108581205,16.94974746830583,143.0,149.25,157.0
244,4.0,2.256758334191025,-45.0,2.23606797749979,2.23606797749979,6.0,107.0,113.875,119.0
245,5.0,2.5231325220201604,18.43494882292201,3.3763886032268267,1.8439088914585775,7.414213562373096,76.0,86.55,92.0
246,21.25,5.201570947860099,0.960372820286214,6.810229985073385,4.665563240721908,23.48528137423857,101.0,110.95294117647059,122.0
247,10.75,3.6996385101659595,-59.091130987414694,4.66913207352028,3.0080414401679794,11.535533905932738,92.0,115.04651162790698,127.0
248,8.5,3.2897623212397704,72.7730170065451,3.577554384547502,3.0092816262160915,9.535533905932738,135.0,148.8235294117647,155.0
249,8.25,3.2410224072142872,-27.621753332772304,6.42234833119549,2.1890658751859116,13.414213562373096,84.0,92.45454545454545,107.0
250,4.25,2.326213245840639,65.09825712046546,2.847653258236741,1.853138828045374,6.414213562373095,92.0,103.94117647058823,111.0
251,82.5,10.249012754438885,55.38766667479002,15.339784213530152,10.647237862148412,78.2842712474619,84.0,100.51515151515152,111.0
252,16.5,4.583497844237541,12.45023417956701,7.169048778694757,3.915494101939421,20.36396103067893,110.0,128.6060606060606,139.0
253,6.5,2.876813695875796,-21.714344687069254,3.1740967893754766,2.59191222458638,8.121320343559642,125.0,142.03846153846155,148.0
254,59.25,8.685588237163813,8.202349831509181,14.169733892548575,7.947655702801637,65.64518395093589,132.0,148.44725738396625,157.0
255,6.75,2.9316150714175193,3.7973216842957225,3.905862776934757,2.189433416161564,8.707106781186548,110.0,122.07407407407408,132.0
256,2.25,1.692568750643269,-45.0,1.632993161855452,1.632993161855452,4.0,143.0,148.11111111111111,155.0
257,314.25,20.002887964817102,-32.57479273449243,42.39661444322701,19.17310866283603,320.3797256769669,90.0,115.27207637231504,134.0
258,7.5,3.0901936161855166,-14.43898446814642,3.7093892392381838,2.572588045063132,9.121320343559642,142.0,148.66666666666666,152.0
259,23.25,5.440847306724618,38.589618182976004,12.958240673349783,2.7548400597899523,27.985281374238568,108.0,119.73118279569893,128.0
260,21.75,5.262410103554244,-3.2535139754034725,11.36111425135209,3.049942181274419,25.071067811865476,76.0,87.27586206896552,96.0
261,21.0,5.170882945826411,-28.811469886271755,7.209672193355272,4.491008009507142,19.65685424949238,143.0,149.27380952380952,155.0
262,36.0,6.770275002573076,64.52905712742313,13.39368176270097,4.945157434234832,37.55634918610404,123.0,138.35416666666666,149.0
263,4.0,2.256758334191025,26.0625081744509,2.9326504330976517,1.702809865267451,6.414213562373095,117.0,128.1875,136.0
264,17.0,4.652426491681278,-79.08033285099324,7.384393274888729,3.437550977516378,17.65685424949238,109.0,124.54411764705883,142.0
265,11.25,3.7846987830302403,-48.53019686258658,5.018717188758541,3.5479966528162583,14.535533905932738,101.0,111.95555555555555,123.0
266,9.0,3.385137501286538,66.45871736013457,5.162182515275666,3.0580830072092877,12.810660171779821,105.0,120.41666666666667,133.0
267,7.5,3.0901936161855166,-47.78728407034777,3.310513583747311,2.8899153833521916,8.82842712474619,119.0,131.1,139.0
268,2.25,1.692568750643269,-45.0,1.632993161855452,1.632993161855452,4.0,117.0,125.22222222222223,131.0
269,7.25,3.0382538898732494,39.44600574638288,4.25750251236592,2.2122130069488017,9.82842712474619,115.0,127.79310344827586,138.0
270,14.5,4.296739856991561,10.550078589787832,7.038371795494239,3.4503394163316448,18.34619407771256,116.0,129.8448275862069,141.0
271,2.0,1.5957691216057308,0.0,2.23606797749979,1.0,4.0,75.0,83.25,88.0
272,35.75,6.746726148605861,-47.084078108185906,10.575042788228346,6.541886256104775,37.020815280171306,83.0,93.54545454545455,108.0
273,8.0,3.1915382432114616,74.4326058991383,5.27563176811429,2.2228690800997017,12.328427124746192,132.0,147.09375,158.0
274,2.25,1.692568750643269,-45.0,1.632993161855452,1.632993161855452,4.0,119.0,121.88888888888889,126.0
275,2.25,1.692568750643269,-45.0,1.632993161855452,1.632993161855452,4.0,89.0,95.44444444444444,101.0
276,2.25,1.692568750643269,-45.0,1.632993161855452,1.632993161855452,4.0,108.0,114.66666666666667,124.0
277,3.75,2.1850968611841584,-45.0,2.309401076758503,2.0132891827388666,5.707106781186548,113.0,122.46666666666667,130.0
278,6.0,2.763953195770684,17.556005592211104,3.146548439614279,2.5769942925485134,8.414213562373096,137.0,145.95833333333334,152.0
279,2.25,1.692568750643269,-45.0,1.632993161855452,1.632993161855452,4.0,111.0,117.55555555555556,125.0
280,4.5,2.393653682408596,90.0,3.415650255319866,1.632993161855452,7.0,112.0,123.94444444444444,136.0
281,2.25,1.692568750643269,-45.0,1.632993161855452,1.632993161855452,4.0,87.0,96.77777777777777,102.0
282,4.25,2.326213245840639,65.09825712046546,2.847653258236741,1.853138828045374,6.414213562373095,136.0,142.58823529411765,148.0
283,4.5,2.393653682408596,23.10943761756565,2.7712967309465366,1.9966424556519138,6.414213562373095,85.0,91.33333333333333,99.0
284,8.0,3.1915382432114616,45.0,3.6044677138240537,2.8284271247461903,9.414213562373096,116.0,124.375,131.0
285,8.25,3.2410224072142872,-78.98592865525411,4.424252044463028,2.4052107688253326,10.121320343559642,118.0,139.3030303030303,150.0
286,6.75,2.9316150714175193,40.86699394248268,3.8035945692778865,2.3038451870975587,8.82842712474619,105.0,126.55555555555556,140.0
287,246.75,17.724893727845068,-7.201447057644519,28.16493815454599,19.920712379250478,254.58073580374355,99.0,144.354609929078,159.0
288,4.5,2.393653682408596,90.0,2.6666666666666665,2.1081851067789197,6.414213562373095,136.0,143.05555555555554,149.0
289,67.25,9.25339718068125,-61.93850738713256,15.416430167718689,8.931787836908732,66.4558441227157,128.0,137.37546468401487,147.0
290,8.0,3.1915382432114616,-3.7638075562101445,3.7574416731295037,2.738397263552123,9.414213562373096,141.0,146.90625,154.0
291,18.5,4.853342309955121,-11.589934999183722,6.594009221606474,3.8737913382170173,17.48528137423857,107.0,115.5945945945946,122.0
292,32.5,6.432750982580687,-57.56532740424667,10.813072178722955,5.231749025744499,34.020815280171306,83.0,96.6,113.0
293,29.25,6.102643417692329,-18.873802417418325,9.463917612311098,4.485857616102011,30.64213562373095,113.0,137.991452991453,150.0
294,636.25,28.46223217419441,24.974114146240932,64.50920940731561,38.78561554986585,637.5284809653708,77.0,104.10844793713163,130.0
295,6.0,2.763953195770684,-25.504502978747265,4.619470105694396,1.8240511531375618,9.414213562373096,86.0,93.5,101.0
296,4.5,2.393653682408596,0.0,3.415650255319866,1.632993161855452,7.0,129.0,139.05555555555554,146.0
297,13.5,4.145929793656026,-57.324367083189415,9.37757636738275,2.6526157120623157,19.621320343559642,141.0,149.24074074074073,155.0
298,128.75,12.80349918517013,-23.45991293601908,23.588046662285024,11.567052288262103,123.08326112068524,122.0,148.77087378640778,160.0
299,2.25,1.692568750643269,-45.0,1.632993161855452,1.632993161855452,4.0,88.0,93.33333333333333,99.0
300,8.75,3.3377905890622728,-70.76619286423674,4.762286989770553,2.5621678828123615,11.828427124746192,128.0,138.8,147.0
301,3.75,2.1850968611841584,-45.0,2.309401076758503,2.0132891827388666,5.707106781186548,141.0,145.86666666666667,152.0
302,3.75,2.1850968611841584,0.0,2.8284271247461903,1.632993161855452,6.0,98.0,108.86666666666666,113.0
303,13.0,4.068428945128219,16.169512720687706,7.028421897192218,3.2921075355464153,17.8817279836453,122.0,138.96153846153845,151.0
304,39.0,7.046725639945928,-41.09474901715174,12.55572992598631,5.155162837618717,40.8492424049175,123.0,134.85256410256412,151.0
305,7.25,3.0382538898732494,17.851624641173025,3.7411966381623563,2.4414425103793334,8.82842712474619,95.0,107.06896551724138,115.0
306,68.25,9.321941800299703,-42.45990019844043,18.78418591994742,7.285830534159963,63.74873734152916,114.0,141.35897435897436,150.0
307,4.5,2.393653682408596,90.0,3.415650255319866,1.632993161855452,7.0,126.0,135.72222222222223,145.0
308,2.25,1.692568750643269,-45.0,1.632993161855452,1.632993161855452,4.0,129.0,131.22222222222223,134.0
309,3.0,1.9544100476116797,0.0,2.23606797749979,1.632993161855452,5.0,144.0,148.41666666666666,151.0
310,6.75,2.9316150714175193,20.78169421626,5.480874878518633,1.8010999925898916,10.0,144.0,150.14814814814815,157.0
311,2.25,1.692568750643269,-45.0,1.632993161855452,1.632993161855452,4.0,148.0,151.22222222222223,156.0
312,7.25,3.0382538898732494,81.9992479800765,3.767694569981595,2.4879174575072334,9.121320343559642,133.0,144.06896551724137,148.0
313,3.0,1.9544100476116797,0.0,2.23606797749979,1.632993161855452,5.0,118.0,124.16666666666667,131.0
314,2.75,1.8712051592547776,15.070692776037664,2.173064992070944,1.533678162302953,4.707106781186548,85.0,93.0909090909091,97.0
315,11.5,3.826519928662906,58.18645349821502,6.258816367338039,2.7220301805380482,14.724873734152917,111.0,120.95652173913044,131.0
316,209.5,16.332289631953525,-5.98613755682464,31.789579656344326,15.157438517083953,214.90001794687493,95.0,120.94630071599045,136.0
317,34.5,6.627726932618989,-88.0318359850776,13.906149580499047,5.8479486958938045,38.83147545195113,131.0,145.15942028985506,155.0
318,2.25,1.692568750643269,-45.0,1.632993161855452,1.632993161855452,4.0,130.0,133.22222222222223,138.0
319,8.75,3.3377905890622728,-7.387275137523291,4.652071172156752,2.5053145822684377,10.707106781186548,144.0,150.9142857142857,158.0
320,8.25,3.2410224072142872,15.173082127446808,5.109184489793951,2.1979618787447444,11.121320343559642,140.0,150.3939393939394,155.0
321,3.5,2.111004122822376,-45.0,2.390457218668787,1.7728105208558367,5.414213562373095,122.0,133.07142857142858,142.0
322,21.0,5.170882945826411,-84.51470559348215,7.208088099263029,5.189803033104791,24.77817459305202,106.0,118.53571428571429,126.0
323,5.5,2.6462837142006137,4.047224241136002,4.396832759049906,1.5582657884513742,8.103553390593273,82.0,90.9090909090909,100.0
324,8.0,3.1915382432114616,-5.550792551607007,5.105327821526206,2.0382290928034763,10.707106781186548,112.0,117.15625,125.0
325,14.25,4.259537945889915,79.8897350032993,6.564274962208314,3.302048289512812,16.949747468305834,111.0,127.08771929824562,136.0
326,9.75,3.523362819972964,35.49323237609075,4.675819898931837,2.8332965867042086,11.82842712474619,113.0,120.87179487179488,129.0
327,141.0,13.398760233979036,1.700328550836301,31.039057018057775,12.16575066740624,145.70458146424488,104.0,146.11702127659575,159.0
328,31.25,6.3078313050504,-52.376231461578286,11.072168408228901,6.47281443730761,35.14213562373095,116.0,137.496,149.0
329,12.75,4.029119531035698,16.162221612125414,6.185962389220185,2.7224411001309696,14.121320343559644,144.0,151.66666666666666,157.0
330,5.0,2.5231325220201604,42.11453188921283,3.115985399235915,2.010133078119107,7.121320343559642,142.0,148.1,156.0
331,29.5,6.128667601500942,-18.54937938504168,14.015403497076463,3.324360393325091,33.60660171779821,121.0,130.4915254237288,139.0
332,31.5,6.333012368467128,62.073810598978135,10.98992059653337,5.878755456323232,33.72792206135786,110.0,141.95238095238096,153.0
333,3.0,1.9544100476116797,90.0,2.23606797749979,1.632993161855452,5.0,107.0,117.16666666666667,126.0
334,2.25,1.692568750643269,-45.0,1.632993161855452,1.632993161855452,4.0,116.0,130.22222222222223,135.0
335,3.75,2.1850968611841584,45.00000000000002,2.309401076758503,2.0132891827388666,5.707106781186548,143.0,150.06666666666666,156.0
336,26.75,5.836022431559495,0.4104722316295706,11.349799594622965,3.4451808012500242,27.071067811865476,114.0,128.49532710280374,138.0
337,59.75,8.722159296752494,-15.230903866730545,17.120602402030556,7.276939242214016,68.54163056034261,77.0,91.01673640167364,105.0
338,5.5,2.6462837142006137,-49.416707325609494,3.0029802693064527,2.303133420308716,7.414213562373095,131.0,136.6818181818182,142.0
339,3.0,1.9544100476116797,0.0,2.23606797749979,1.632993161855452,5.0,122.0,137.16666666666666,148.0
340,6.25,2.8209479177387813,12.259169247906922,4.583422037351981,1.7482112079254655,9.414213562373096,145.0,151.44,156.0
341,2.25,1.692568750643269,-45.0,1.632993161855452,1.632993161855452,4.0,142.0,146.77777777777777,151.0
342,2.25,1.692568750643269,-45.0,1.632993161855452,1.632993161855452,4.0,101.0,106.77777777777777,111.0
343,5.5,2.6462837142006137,-10.073512873159569,3.3557421255365716,2.08580081379627,7.707106781186548,119.0,133.72727272727272,145.0
344,7.75,3.141274657157109,-30.799052196430534,4.193937945908462,2.7144466497040813,10.121320343559642,138.0,148.09677419354838,154.0
345,1.5,1.381976597885342,0.0,1.632993161855452,1.0,3.0,75.0,86.0,95.0
346,2.25,1.692568750643269,-45.0,1.632993161855452,1.632993161855452,4.0,125.0,135.88888888888889,149.0
347,4.75,2.4592453796829674,-71.56505117707799,3.4641016151377544,1.739232804406138,7.414213562373095,132.0,137.73684210526315,144.0
348,44.25,7.506054213402069,23.642996943729095,16.643501986540393,4.543616717855277,44.17766952966369,114.0,138.84745762711864,154.0
349,10.0,3.5682482323055424,-9.705673040541543,5.124160314510645,2.8245320092351895,12.414213562373096,102.0,114.175,120.0
350,4.75,2.4592453796829674,-77.17949708784735,2.7723491168885444,2.1478476084574902,6.707106781186548,139.0,148.94736842105263,153.0
351,2.25,1.692568750643269,-45.0,1.632993161855452,1.632993161855452,4.0,125.0,132.88888888888889,137.0
352,8.0,3.1915382432114616,59.87244064847111,3.817478223587327,2.787581391177045,9.82842712474619,114.0,128.21875,137.0
353,2.25,1.692568750643269,-45.0,1.632993161855452,1.632993161855452,4.0,113.0,125.55555555555556,131.0
354,7.5,3.0901936161855166,-74.14432706738101,4.613901788047532,2.2853930518321994,10.724873734152917,104.0,126.13333333333334,140.0
355,25.25,5.670035141386943,7.395169896509715,10.365706794530615,3.3869520641656012,24.36396103067893,113.0,130.56435643564356,141.0
356,28.0,5.970821321441846,-23.512146805478316,6.903207705279887,5.898460228876853,28.31370849898476,132.0,148.29464285714286,159.0
357,36.25,6.793742230659745,89.26793024337552,16.647626871094243,4.6287029012177,40.8492424049175,115.0,142.1448275862069,156.0
358,2.25,1.692568750643269,-45.0,1.632993161855452,1.632993161855452,4.0,124.0,129.55555555555554,135.0
359,6.25,2.8209479177387813,-3.073312829823336,3.795163269785748,2.0884290161911534,8.414213562373096,135.0,139.88,147.0
360,5.75,2.7057581899030048,-52.10792673683677,2.9395143678631563,2.5101103854035123,7.707106781186548,112.0,123.30434782608695,131.0
361,17.0,4.652426491681278,33.23014188191866,7.0291198212211725,4.490160770291849,24.742640687119284,105.0,113.86764705882354,122.0
362,10.75,3.6996385101659595,12.848029702014648,6.744184357359096,2.0981902794071416,13.82842712474619,135.0,142.8139534883721,150.0
363,13.5,4.145929793656026,47.22940345350023,6.668707510396201,3.1890932017467426,17.65685424949238,104.0,114.29629629629629,122.0
364,2.25,1.692568750643269,-45.0,1.632993161855452,1.632993161855452,4.0,126.0,132.22222222222223,137.0
365,3.0,1.9544100476116797,0.0,2.23606797749979,1.632993161855452,5.0,128.0,135.16666666666666,142.0
366,9.75,3.523362819972964,-13.53444777339431,5.12717290097379,3.8798609412199863,15.121320343559642,124.0,132.74358974358975,141.0
367,2.25,1.692568750643269,-45.0,1.632993161855452,1.632993161855452,4.0,114.0,126.44444444444444,135.0
368,12.75,4.029119531035698,-58.283407116317555,7.145174170774349,2.520337139150539,16.242640687119284,117.0,125.6078431372549,135.0
369,2.25,1.692568750643269,-45.0,1.632993161855452,1.632993161855452,4.0,124.0,134.0,140.0
370,18.0,4.787307364817192,-39.05497851711403,6.463437005405393,3.9333059450547556,17.94974746830583,118.0,127.80555555555556,139.0
371,18.75,4.886025119029199,58.12377571686803,9.252649510794331,4.569019993068984,23.899494936611667,110.0,121.88,134.0
372,4.75,2.4592453796829674,-12.820502912152646,2.7723491168885444,2.1478476084574902,6.707106781186548,113.0,124.3157894736842,133.0
373,22.5,5.352372348458314,-42.270011276900334,7.298226992467548,4.24672205336267,19.485281374238568,81.0,97.42222222222222,106.0
374,10.25,3.6125759969217834,40.576524247083896,4.365099513077321,3.472854568287144,12.414213562373096,90.0,126.63414634146342,145.0
375,11.75,3.8678889139475245,-75.26838872301802,4.6220680738693405,3.5612724495914354,13.242640687119284,126.0,133.2127659574468,139.0
376,4.5,2.393653682408596,-17.296144343754975,2.8306637414376574,2.0244638534736237,6.707106781186548,105.0,115.83333333333333,122.0
377,80.5,10.124020118074668,42.16366035882729,15.547617789555119,12.59634473394345,92.59493141924172,110.0,126.4472049689441,140.0
378,28.25,5.997417539138688,8.385151826451809,12.237574230083224,4.026473305169773,31.3817279836453,129.0,145.01769911504425,157.0
379,27.0,5.863230142835039,-3.6101738144590323,10.574909585452945,4.3562811835990445,29.003048327204937,90.0,125.03703703703704,135.0
380,4.5,2.393653682408596,-17.296144343754975,2.830663741437658,2.0244638534736237,6.707106781186548,114.0,128.94444444444446,139.0
381,17.75,4.753945931439391,11.416472248950901,7.617061806186947,4.553001637826068,22.967514421272202,106.0,115.95774647887323,127.0
382,2.25,1.692568750643269,-45.0,1.632993161855452,1.632993161855452,4.0,84.0,86.66666666666667,89.0
383,21.5,5.232078956954491,-45.88711431893675,9.232310940673791,3.591682578995183,24.260407640085653,117.0,130.13953488372093,141.0
384,10.0,3.5682482323055424,8.290767705465615,6.161835051854872,2.1792863037546604,13.242640687119284,92.0,101.55,109.0
385,10.0,3.5682482323055424,-2.207671685033716,5.158828901394045,3.281232141458678,14.242640687119284,116.0,128.95,141.0
386,21.0,5.170882945826411,71.09059727851695,7.7049672974630985,4.580376712357877,25.071067811865476,111.0,126.72619047619048,136.0
387,4.75,2.4592453796829674,12.820502912152648,2.7723491168885444,2.1478476084574902,6.707106781186548,106.0,115.6842105263158,122.0
388,11.75,3.8678889139475245,12.334170131363491,6.201993789232698,4.396767102247047,16.621320343559642,110.0,132.93617021276594,148.0
389,1.5,1.381976597885342,0.0,1.632993161855452,1.0,3.0,88.0,90.0,93.0
390,3.75,2.1850968611841584,45.00000000000002,2.309401076758503,2.0132891827388666,5.707106781186548,135.0,140.26666666666668,146.0
391,3.75,2.1850968611841584,-45.0,2.309401076758503,2.0132891827388666,5.707106781186548,108.0,132.33333333333334,146.0
392,5.75,2.7057581899030048,6.1612483187762805,3.333640804401902,2.1761457335774375,7.707106781186548,121.0,131.56521739130434,138.0
393,24.5,5.585191925620057,-87.06472684593378,6.656548868639713,5.809897898778444,27.899494936611667,119.0,136.85714285714286,146.0
394,7.0,2.985410660720923,20.504543450785118,3.3538836902511386,2.6257039694383955,8.414213562373096,114.0,121.0,128.0
395,11.0,3.742410318509555,53.051140018984924,5.679567400186891,2.6591401887505928,13.535533905932738,127.0,133.20454545454547,138.0
396,1.5,1.381976597885342,0.0,1.632993161855452,1.0,3.0,81.0,87.83333333333333,94.0
397,57.0,8.51907589177983,-11.58909580660906,10.866521103496806,8.746800292235843,52.798989873223334,124.0,144.92543859649123,158.0
398,4.0,2.256758334191025,-63.93749182554911,2.9326504330976517,1.702809865267451,6.414213562373095,88.0,97.625,112.0
399,10.0,3.5682482323055424,-48.09641119648792,5.247333110119679,2.6721705094252006,12.535533905932738,72.0,84.4,102.0
400,11.25,3.7846987830302403,3.2063004143300575,5.7947086359915145,2.5113311057546333,12.82842712474619,95.0,103.64444444444445,114.0
401,16.25,4.54864184146723,72.6954639017534,10.282879879016916,2.4701082259987976,20.65685424949238,117.0,131.92307692307693,146.0
402,4.5,2.393653682408596,90.0,3.415650255319866,1.632993161855452,7.0,136.0,140.5,145.0
403,4.0,2.256758334191025,26.0625081744509,2.9326504330976517,1.702809865267451,6.414213562373095,92.0,100.375,112.0
404,5.25,2.5854414729132054,60.455858391487354,3.739184021448813,1.9249877100059256,8.414213562373096,121.0,128.33333333333334,139.0
405,2.25,1.692568750643269,-45.0,1.632993161855452,1.632993161855452,4.0,129.0,133.33333333333334,138.0
406,2.25,1.692568750643269,-45.0,1.632993161855452,1.632993161855452,4.0,115.0,118.77777777777777,123.0
407,80.0,10.092530088080641,48.42849739010847,19.053417648388855,8.078678688595305,72.04163056034261,118.0,138.7375,149.0
408,19.75,5.014626706796775,-56.11273768180026,9.356322585713057,3.904197222579818,25.071067811865476,73.0,82.68354430379746,108.0
409,4.0,2.256758334191025,-45.0,2.23606797749979,2.23606797749979,6.0,81.0,92.8125,104.0
410,25.75,5.725898905580716,78.11244624704953,12.810985809268583,3.1961147248307182,28.31370849898476,90.0,121.6116504854369,134.0
411,12.25,3.949327084834294,-14.560364479758933,4.879446949152137,3.3030084179581074,12.828427124746192,99.0,131.9795918367347,144.0
412,50.0,7.978845608028654,3.5669465708684585,16.528474614287767,6.643931586406118,57.8492424049175,86.0,112.495,130.0
413,3.75,2.1850968611841584,90.0,2.8284271247461903,1.632993161855452,6.0,134.0,140.26666666666668,146.0
414,2.25,1.692568750643269,-45.0,1.632993161855452,1.632993161855452,4.0,125.0,128.66666666666666,132.0
415,10.25,3.6125759969217834,65.79366032420657,4.506568325632803,3.1655027501306785,11.82842712474619,81.0,87.3170731707317,96.0
416,5.25,2.5854414729132054,0.0,2.7004660721443474,2.544836041121407,7.414213562373095,100.0,114.23809523809524,121.0
417,17.25,4.686510657907603,36.567504763898036,7.537915561691605,3.4527800304086447,18.36396103067893,109.0,117.81159420289855,131.0
418,2.25,1.692568750643269,-45.0,1.632993161855452,1.632993161855452,4.0,134.0,141.66666666666666,148.0
419,5.25,2.5854414729132054,0.0,4.0,1.632993161855452,8.0,128.0,131.71428571428572,136.0
420,2.25,1.692568750643269,-45.0,1.632993161855452,1.632993161855452,4.0,142.0,147.22222222222223,151.0
421,10.0,3.5682482323055424,79.6083668488126,4.847268980076137,2.749360550162827,11.535533905932738,81.0,91.0,100.0
422,25.75,5.725898905580716,-34.02583901619678,11.292132981511337,3.8605921308161064,28.31370849898476,80.0,95.06796116504854,106.0
423,2.25,1.692568750643269,-45.0,1.632993161855452,1.632993161855452,4.0,135.0,138.77777777777777,142.0
424,3.0,1.9544100476116797,0.0,2.23606797749979,1.632993161855452,5.0,82.0,91.25,103.0
425,207.5,16.25414425715935,45.72729273318901,23.728006694744483,21.77580335554644,213.2995128834866,90.0,111.66867469879519,123.0
426,4.75,2.4592453796829674,77.17949708784735,2.7723491168885444,2.1478476084574902,6.707106781186548,104.0,115.3157894736842,125.0
427,3.0,1.9544100476116797,0.0,2.23606797749979,1.632993161855452,5.0,144.0,147.16666666666666,152.0
428,2.25,1.692568750643269,-45.0,1.632993161855452,1.632993161855452,4.0,76.0,85.11111111111111,93.0
429,12.5,3.989422804014327,-0.41224201424620316,4.895925194590967,3.8249073830577114,14.242640687119287,91.0,108.16,120.0
430,3.0,1.9544100476116797,0.0,2.23606797749979,1.632993161855452,5.0,100.0,121.58333333333333,132.0
431,11.5,3.826519928662906,6.3563481051562025,5.562899407901107,3.099681502004425,14.535533905932738,121.0,126.6086956521739,131.0
432,4.75,2.4592453796829674,77.17949708784735,2.7723491168885444,2.1478476084574902,6.707106781186548,122.0,128.1578947368421,134.0
433,8.25,3.2410224072142872,-24.672036220759367,5.2333264262815735,2.1966642897242368,11.535533905932738,73.0,83.24242424242425,93.0
434,2.25,1.692568750643269,-45.0,1.632993161855452,1.632993161855452,4.0,78.0,84.11111111111111,91.0
435,3.0,1.9544100476116797,0.0,2.23606797749979,1.632993161855452,5.0,86.0,92.0,105.0
436,4.25,2.326213245840639,65.09825712046546,2.847653258236741,1.853138828045374,6.414213562373095,99.0,107.17647058823529,116.0
437,48.25,7.837972188868215,-85.77095642647987,10.227400517359976,8.587224348825304,48.45279579551077,93.0,118.5958549222798,132.0
438,10.75,3.6996385101659595,63.68006067886292,4.72904602374709,3.213781230118207,12.535533905932738,114.0,123.37209302325581,130.0
439,16.25,4.54864184146723,70.17291647568719,8.587667167896079,2.8387256200598343,19.77817459305202,131.0,143.98461538461538,150.0
440,7.75,3.141274657157109,-3.306730241157379,4.415040643811762,2.3695139025339915,10.121320343559642,86.0,100.93548387096774,111.0
441,60.0,8.740387444736633,79.86423105129424,18.07098882955877,5.594670226580325,56.79898987322333,119.0,138.09583333333333,150.0
442,23.0,5.4115163798060095,50.99758828503777,9.192342911863573,4.105114615478166,26.260407640085653,80.0,92.44565217391305,103.0
443,3.0,1.9544100476116797,90.0,2.23606797749979,1.632993161855452,5.0,109.0,111.66666666666667,116.0
444,3.5,2.111004122822376,45.0,2.390457218668787,1.7728105208558367,5.414213562373095,87.0,95.78571428571429,101.0
445,2.25,1.692568750643269,-45.0,1.632993161855452,1.632993161855452,4.0,98.0,105.55555555555556,114.0
446,4.0,2.256758334191025,-26.0625081744509,2.9326504330976517,1.702809865267451,6.414213562373095,126.0,131.1875,138.0
447,4.75,2.4592453796829674,47.55282668375374,3.196534139673314,1.9347837942437103,7.414213562373095,106.0,112.3157894736842,116.0
448,12.5,3.989422804014327,33.82751978982988,4.883082302617109,3.6153433067784286,13.535533905932738,92.0,101.42,114.0
449,20.25,5.077706251929807,-73.92820043284361,6.628640940954439,4.583373921243528,20.053300858899107,93.0,118.19753086419753,131.0
450,12.5,3.989422804014327,-75.10237352598767,5.21685229576259,3.171695465235685,12.82842712474619,82.0,94.42,106.0
451,3.0,1.9544100476116797,90.0,2.23606797749979,1.632993161855452,5.0,138.0,143.33333333333334,149.0
452,60.75,8.79484521425256,4.743522657340436,16.90403612486188,6.603724903284037,66.62741699796952,78.0,87.16872427983539,98.0
453,10.5,3.656366395715726,24.459470695188617,6.221210715991449,2.463692322027784,13.535533905932738,80.0,97.02380952380952,111.0
454,80.5,10.124020118074668,-85.92934512992694,15.86020576332786,9.912165557158628,80.90559159102155,96.0,123.5248447204969,138.0
455,18.75,4.886025119029199,43.529320255364055,7.247925120769339,3.5914254829073524,20.36396103067893,98.0,120.90666666666667,132.0
456,5.75,2.7057581899030048,-83.83875168122371,3.3336408044019015,2.1761457335774375,7.707106781186548,82.0,97.30434782608695,107.0
457,74.75,9.755749892701914,29.73481744879289,18.584106879902354,8.242762086909007,71.4883297014435,83.0,104.60535117056857,115.0
458,2.25,1.692568750643269,-45.0,1.632993161855452,1.632993161855452,4.0,119.0,130.44444444444446,137.0
459,2.25,1.692568750643269,-45.0,1.632993161855452,1.632993161855452,4.0,103.0,110.11111111111111,118.0
460,3.0,1.9544100476116797,90.0,2.23606797749979,1.632993161855452,5.0,110.0,118.83333333333333,126.0
461,210.25,16.361497922884933,-7.513713546871197,28.547629885909302,18.431730059097653,211.43555185280766,74.0,91.75148632580262,110.0
462,4.5,2.393653682408596,0.0,2.6666666666666665,2.1081851067789197,6.414213562373095,91.0,100.72222222222223,110.0
463,3.75,2.1850968611841584,45.00000000000002,2.309401076758503,2.0132891827388666,5.707106781186548,99.0,107.8,115.0
464,103.0,11.451797811161432,-49.10713255568074,21.145150835417216,10.93912069727693,97.99137802864846,89.0,113.22572815533981,125.0
465,3.0,1.9544100476116797,0.0,2.23606797749979,1.632993161855452,5.0,115.0,126.33333333333333,134.0
466,31.5,6.333012368467128,75.07845589000146,13.338254342042408,4.420715120632132,33.69238815542512,109.0,128.46031746031747,138.0
467,9.0,3.385137501286538,43.15430700677436,5.324924072510898,2.76499251752947,13.224873734152915,128.0,134.69444444444446,141.0
468,2.25,1.692568750643269,-45.0,1.632993161855452,1.632993161855452,4.0,119.0,125.33333333333333,131.0
469,43.0,7.399277020331919,81.03760753509454,21.08855110897944,3.3261952122748126,47.435028842544405,126.0,139.80232558139534,149.0
470,10.0,3.5682482323055424,-72.8190511507557,6.502956732838653,2.4210645862571334,15.053300858899107,120.0,133.925,142.0
471,8.25,3.2410224072142872,-33.8373362247555,5.004608726463918,2.4997314526207797,11.82842712474619,57.0,64.87878787878788,75.0
472,7.5,3.0901936161855166,76.6075022462489,4.83045891539648,2.166410241236256,10.121320343559642,95.0,118.6,128.0
473,34.5,6.627726932618989,-32.86122460629857,8.928949896286861,7.575161681544604,38.4350288425444,104.0,120.44202898550725,127.0
474,18.5,4.853342309955121,12.385668862421682,7.859625352888216,3.3229825976638874,18.535533905932738,116.0,129.36486486486487,138.0
475,2.25,1.692568750643269,-45.0,1.632993161855452,1.632993161855452,4.0,105.0,108.44444444444444,112.0
476,12.0,3.9088200952233594,-32.05095096736769,5.309813985091045,3.1066640556781597,13.535533905932738,116.0,129.33333333333334,138.0
477,803.25,31.98014484502094,-89.14813984769954,63.30565954280338,33.58240530373574,799.9345955666558,77.0,110.51665110488639,133.0
478,16.25,4.54864184146723,36.43110719947135,8.92740392988808,3.57855759451127,22.242640687119284,90.0,120.49230769230769,136.0
479,33.25,6.506551687525748,65.36251120041675,8.481791110949588,5.743059405682898,26.192388155425117,109.0,130.0300751879699,141.0
480,3.75,2.1850968611841584,-45.0,2.309401076758503,2.0132891827388666,5.707106781186548,134.0,140.6,148.0
481,2.25,1.692568750643269,-45.0,1.632993161855452,1.632993161855452,4.0,85.0,90.11111111111111,100.0
482,3.5,2.111004122822376,-45.0,2.390457218668787,1.7728105208558367,5.414213562373095,127.0,134.0,140.0
483,15.0,4.370193722368317,12.378666188200713,6.847084393181124,2.903769921515809,15.535533905932738,95.0,103.48333333333333,114.0
484,7.5,3.0901936161855166,49.37082929275399,3.4551847521040013,2.763960221603377,8.82842712474619,111.0,119.83333333333333,127.0
485,4.5,2.393653682408596,23.10943761756565,2.7712967309465366,1.9966424556519138,6.414213562373095,99.0,106.27777777777777,113.0
486,3.75,2.1850968611841584,90.0,2.8284271247461903,1.632993161855452,6.0,73.0,77.53333333333333,83.0
487,3.0,1.9544100476116797,0.0,2.23606797749979,1.632993161855452,5.0,91.0,95.75,103.0
488,10.25,3.6125759969217834,-16.513265102647885,4.637812769228535,2.937668390581879,11.535533905932738,93.0,111.90243902439025,127.0
489,12.25,3.949327084834294,64.04635370954475,6.896036522783371,2.886992568518648,15.828427124746188,73.0,84.20408163265306,92.0
490,4.0,2.256758334191025,-45.0,2.23606797749979,2.23606797749979,6.0,71.0,74.75,78.0
491,3.0,1.9544100476116797,0.0,2.23606797749979,1.632993161855452,5.0,105.0,113.75,122.0
492,4.5,2.393653682408596,17.296144343754975,2.8306637414376574,2.0244638534736237,6.707106781186548,111.0,121.94444444444444,129.0
493,85.25,10.418429401242426,-14.311873382272097,20.161870613157486,10.230765912822616,84.50914498161481,71.0,92.7800586510264,108.0
494,9.75,3.523362819972964,-73.76440385457576,4.022767693476443,3.163958591689182,10.707106781186548,106.0,115.41025641025641,124.0
495,7.0,2.985410660720923,71.35312255671035,3.7857973729933128,2.3753374595108157,8.828427124746192,114.0,126.42857142857143,138.0
496,60.5,8.77673016883152,79.87364553224063,16.27960062395345,6.275357249832449,63.52386360737625,68.0,83.75619834710744,97.0
497,13.75,4.1841419359420025,8.942316376003355,5.916994364727101,3.6150403221489706,15.65685424949238,102.0,122.49090909090908,132.0
498,2.25,1.692568750643269,-45.0,1.632993161855452,1.632993161855452,4.0,91.0,97.77777777777777,102.0
499,5.25,2.5854414729132054,45.0,3.0550504633038935,2.291658936288755,7.707106781186548,110.0,118.0,125.0
500,8.0,3.1915382432114616,0.060866529709601144,4.182834708553875,2.5426032527543545,10.121320343559642,100.0,112.40625,121.0
501,4.75,2.4592453796829674,-12.820502912152639,2.772349116888545,2.1478476084574902,6.707106781186548,119.0,123.84210526315789,133.0
502,2.25,1.692568750643269,-45.0,1.632993161855452,1.632993161855452,4.0,120.0,127.33333333333333,133.0
503,27.75,5.944106103225343,10.971151438305295,12.325408318753885,4.528860108010879,32.72792206135785,120.0,131.84684684684686,143.0
504,6.0,2.763953195770684,0.0,4.58257569495584,1.632993161855452,9.0,125.0,134.75,141.0
505,2.25,1.692568750643269,-45.0,1.632993161855452,1.632993161855452,4.0,104.0,110.88888888888889,118.0
506,26.0,5.753627391751592,-76.81932633140146,10.360457506936664,4.562158163727452,26.656854249492383,109.0,119.4326923076923,127.0
507,3.0,1.9544100476116797,90.0,2.23606797749979,1.632993161855452,5.0,105.0,118.08333333333333,125.0
508,3.75,2.1850968611841584,0.0,2.8284271247461903,1.632993161855452,6.0,101.0,112.73333333333333,118.0
509,8.25,3.2410224072142872,75.765252751525,5.203185509344283,2.1058646398419887,11.121320343559642,98.0,107.93939393939394,115.0
510,30.75,6.257165172872317,-67.38286483487285,11.34837077812789,5.412093682695482,34.31370849898476,97.0,108.73170731707317,118.0
511,4.5,2.393653682408596,66.89056238243435,2.7712967309465366,1.9966424556519138,6.414213562373095,104.0,110.94444444444444,116.0
512,4.75,2.4592453796829674,-77.17949708784735,2.7723491168885444,2.1478476084574902,6.707106781186548,124.0,128.0,133.0
513,25.25,5.670035141386943,-14.678948135858265,9.59383574492612,4.8420070929221515,29.399494936611664,69.0,78.36633663366337,94.0
514,6.5,2.876813695875796,45.00000000000001,3.902661813527945,2.375914647920077,9.414213562373096,81.0,86.96153846153847,95.0
515,78.25,9.981532666656284,-52.76397952218873,15.572375781255204,10.229959356810882,80.23401871576773,110.0,128.88817891373802,138.0
516,7.75,3.141274657157109,60.16776925579445,3.866169369302776,2.904601424271418,10.414213562373096,100.0,109.93548387096774,115.0
517,2.25,1.692568750643269,-45.0,1.632993161855452,1.632993161855452,4.0,121.0,127.11111111111111,131.0
518,3.0,1.9544100476116797,90.0,2.23606797749979,1.632993161855452,5.0,110.0,115.58333333333333,122.0
519,34.0,6.579524642479541,-13.092705637989447,14.434382431979945,4.913506735929742,43.50304832720494,68.0,80.2279411764706,92.0
520,3.75,2.1850968611841584,90.0,2.8284271247461903,1.632993161855452,6.0,117.0,127.4,135.0
521,129.75,12.85312533702941,7.267571173030587,26.940261138775163,9.944233815108642,119.5477272147525,88.0,115.69556840077071,126.0
522,7.0,2.985410660720923,-73.7938466908244,3.3999957960383185,2.644059189028306,8.707106781186548,123.0,130.21428571428572,136.0
523,48.0,7.817640190446719,25.42885414410506,15.29181671438497,6.87879241946182,53.36700935788386,80.0,105.65625,117.0
524,12.75,4.029119531035698,61.00490758228251,6.726812435870718,3.3957668409367123,16.535533905932738,84.0,107.72549019607843,116.0
525,4.25,2.326213245840639,24.90174287953454,2.8476532582367406,1.853138828045373,6.414213562373095,109.0,115.23529411764706,120.0
526,87.5,10.55502061411188,-57.62492277952127,18.50686148581784,11.19989998068757,85.80203820042827,79.0,97.02571428571429,114.0
527,12.75,4.029119531035698,7.701847970580133,6.875877011251934,2.981858653865917,18.260407640085653,79.0,85.50980392156863,93.0
528,8.25,3.2410224072142872,15.3625127494873,4.238283954814777,2.771731496948922,10.82842712474619,81.0,92.15151515151516,103.0
529,7.25,3.0382538898732494,22.00781664847264,3.926187105368293,2.3720606940196522,9.121320343559642,83.0,104.86206896551724,115.0
530,3.0,1.9544100476116797,90.0,2.23606797749979,1.632993161855452,5.0,100.0,111.75,119.0
531,19.25,4.950743503369154,-36.53665018607119,7.1090803535843285,4.781939687930539,22.65685424949238,102.0,118.87012987012987,126.0
532,3.75,2.1850968611841584,-45.0,2.309401076758503,2.0132891827388666,5.707106781186548,124.0,131.13333333333333,140.0
533,10.75,3.6996385101659595,-49.45973435211011,6.815085971162862,2.8951817760025373,16.931980515339465,70.0,75.81395348837209,82.0
534,5.25,2.5854414729132054,51.04737853850605,2.8088948280107036,2.356329076322537,7.121320343559643,75.0,83.76190476190476,89.0
535,14.5,4.296739856991561,44.49288771306536,5.568222673578727,3.3748576844984997,13.949747468305834,74.0,89.12068965517241,104.0
536,4.5,2.393653682408596,0.0,3.415650255319866,1.632993161855452,7.0,82.0,91.88888888888889,102.0
537,3.0,1.9544100476116797,90.0,2.23606797749979,1.632993161855452,5.0,125.0,131.08333333333334,137.0
538,9.5,3.477898169151024,-50.25819581186324,6.084464012973431,2.1311087594577054,13.242640687119286,120.0,129.02631578947367,138.0
539,7.0,2.985410660720923,6.707473910070802,4.572076078688798,2.003618645755832,9.707106781186548,97.0,104.57142857142857,114.0
540,3.0,1.9544100476116797,90.0,2.23606797749979,1.632993161855452,5.0,120.0,125.16666666666667,130.0
541,3.0,1.9544100476116797,0.0,2.23606797749979,1.632993161855452,5.0,71.0,78.91666666666667,89.0
542,6.25,2.8209479177387813,-24.972433146048427,3.2296079765605246,2.4321250621085735,7.82842712474619,78.0,83.8,91.0
543,5.75,2.7057581899030048,-56.07200559491383,3.5267718035563376,2.1104810288297275,8.121320343559642,77.0,86.34782608695652,92.0
544,6.0,2.763953195770684,12.181226507656095,3.2607562570613595,2.405022931013727,8.121320343559642,123.0,128.91666666666666,134.0
545,6.5,2.876813695875796,68.3678522944642,4.749527143415201,1.9772322916804734,10.724873734152917,82.0,96.46153846153847,112.0
546,5.75,2.7057581899030048,59.6817643724096,3.584709503548249,2.1626992354718158,8.414213562373096,123.0,128.04347826086956,133.0
547,4.5,2.393653682408596,-33.69006752597979,3.958114029012639,1.6329931618554518,7.0,119.0,126.5,133.0
548,5.25,2.5854414729132054,-44.99999999999999,3.052080068373727,2.182178902359923,7.414213562373096,82.0,89.80952380952381,99.0
549,17.25,4.686510657907603,1.0123623217093296,7.202382073349357,3.977948612313566,20.36396103067893,110.0,120.08695652173913,129.0
550,34.25,6.6036697681803656,82.44895170322587,11.103294286030206,5.6077146262133075,40.8492424049175,110.0,123.1970802919708,131.0
551,14.5,4.296739856991561,87.52723813064546,6.666637719026133,3.6732712000650225,18.242640687119284,114.0,126.46551724137932,136.0
552,2.25,1.692568750643269,-45.0,1.632993161855452,1.632993161855452,4.0,108.0,115.22222222222223,118.0
553,2.25,1.692568750643269,-45.0,1.632993161855452,1.632993161855452,4.0,84.0,88.66666666666667,93.0
554,5.75,2.7057581899030048,37.892073263163226,2.939514367863157,2.510110385403512,7.707106781186548,117.0,124.8695652173913,130.0
555,12.5,3.989422804014327,-39.69237469046641,5.138151488883,3.689905049901611,14.63908729652601,63.0,71.98,80.0
556,25.0,5.641895835477563,-82.67630069423194,10.585134646235193,5.067200856594431,30.15685424949238,64.0,79.37,92.0
557,34.25,6.6036697681803656,-57.114925259255564,12.07770909962363,5.431805316641451,40.84924240491749,116.0,124.74452554744525,134.0
558,5.25,2.5854414729132054,-45.0,3.055050463303893,2.144443856990039,7.121320343559642,105.0,112.42857142857143,115.0
559,3.75,2.1850968611841584,45.0,2.309401076758503,2.0132891827388666,5.707106781186548,84.0,88.4,94.0
560,28.25,5.997417539138688,8.401927154378734,12.737480928056952,3.7648992918315436,30.31370849898476,73.0,86.84955752212389,105.0
561,39.25,7.069275219628611,53.02691327858041,12.072833283661726,5.564090099086866,39.72792206135785,83.0,100.7452229299363,113.0
562,2.25,1.692568750643269,-45.0,1.632993161855452,1.632993161855452,4.0,92.0,101.44444444444444,114.0
563,19.0,4.918490759365935,59.65954002365744,8.75526317472114,3.628307982921821,21.760407640085653,74.0,85.71052631578948,95.0
564,4.5,2.393653682408596,17.296144343754975,2.8306637414376574,2.0244638534736237,6.707106781186548,76.0,87.94444444444444,100.0
565,12.25,3.949327084834294,37.315076825994794,5.323443772424204,3.107804280045766,13.242640687119284,80.0,94.63265306122449,105.0
566,17.5,4.720348719413148,24.245425825885743,5.754315066057345,4.344325522217968,17.65685424949238,95.0,111.38571428571429,121.0
567,43.75,7.463526651802308,-64.56173395763666,18.63825188197854,6.303475511066678,49.64213562373095,80.0,102.27428571428571,116.0
568,165.0,14.494292838262302,-36.46293098886017,22.386079473391412,16.253956853515515,178.86143571373725,101.0,120.42272727272727,135.0
569,13.25,4.1073621666150775,-8.289796241037541,6.25414999063687,4.096020547740343,18.94974746830583,62.0,70.05660377358491,80.0
570,5.5,2.6462837142006137,45.0,2.751408354622101,2.4863262420322445,7.121320343559642,86.0,96.81818181818181,113.0
571,3.75,2.1850968611841584,45.0,2.309401076758503,2.0132891827388666,5.707106781186548,116.0,121.93333333333334,130.0
572,16.5,4.583497844237541,-69.06112225750147,9.348698766114815,4.041610291652246,24.121320343559645,116.0,124.15151515151516,131.0
573,22.75,5.382025607773058,79.1830462969274,8.05460782042461,4.263679451398153,23.071067811865476,71.0,79.27472527472527,86.0
574,5.5,2.6462837142006137,-90.0,3.2333489534143163,2.135880022631042,7.414213562373095,77.0,85.5,90.0
575,13.25,4.1073621666150775,2.0666922686206313,6.683615294842672,3.1021510946963597,16.242640687119284,84.0,103.39622641509433,112.0
576,54.5,8.33015937350939,-11.061937182956038,14.377745849213353,7.236623282078589,56.05634918610404,71.0,89.1559633027523,101.0
577,2.25,1.692568750643269,-45.0,1.632993161855452,1.632993161855452,4.0,76.0,89.22222222222223,95.0
578,114.75,12.087358593107094,70.50180148114123,25.95261084973058,8.925205228314454,124.78731957466684,89.0,107.94335511982571,119.0
579,3.0,1.9544100476116797,90.0,2.23606797749979,1.632993161855452,5.0,97.0,102.41666666666667,107.0
580,11.25,3.7846987830302403,26.725992684777356,4.357374967093224,3.5577700657284996,12.828427124746192,102.0,111.37777777777778,122.0
581,6.75,2.9316150714175193,4.239275986784976,4.465389487241025,1.9653920380015268,9.414213562373096,115.0,124.33333333333333,131.0
582,5.75,2.7057581899030048,6.1612483187762805,3.333640804401902,2.1761457335774375,7.707106781186548,78.0,83.56521739130434,93.0
583,20.75,5.140011726956917,71.11786428828827,10.004779008664594,3.7161867109851086,23.77817459305202,113.0,123.44578313253012,131.0
584,3.0,1.9544100476116797,0.0,2.23606797749979,1.632993161855452,5.0,85.0,92.0,100.0
585,10.5,3.656366395715726,73.64418289898276,5.259911279353167,2.6116779430099215,12.121320343559642,87.0,102.42857142857143,114.0
586,6.0,2.763953195770684,-28.91647370711208,3.5261888423055483,2.1465458101486035,8.121320343559642,65.0,70.41666666666667,77.0
587,78.25,9.981532666656284,86.76645713593744,15.664503261898256,12.449943361480248,95.38782463805518,63.0,75.26517571884985,90.0
588,15.0,4.370193722368317,-56.367590944042554,4.946302015516279,4.283779060358536,18.13908729652601,72.0,84.11666666666666,97.0
589,4.75,2.4592453796829674,47.55282668375374,3.196534139673314,1.9347837942437103,7.414213562373095,114.0,121.73684210526316,127.0
590,4.0,2.256758334191025,26.0625081744509,2.9326504330976517,1.702809865267451,6.414213562373095,108.0,113.625,118.0
591,37.25,6.886811529393324,-23.97487395640251,11.96321796421282,7.0385514163271345,36.48528137423857,81.0,97.77852348993288,109.0
592,5.25,2.5854414729132054,-4.447928484831651,3.246767819546955,2.051048035927536,7.414213562373095,117.0,123.0952380952381,127.0
593,18.0,4.787307364817192,7.523802125231688,7.005727400189123,4.017231359004633,20.949747468305834,72.0,88.65277777777777,102.0
594,6.25,2.8209479177387813,-8.130102354155978,3.9597979746446663,2.039607805437114,8.707106781186548,116.0,122.84,127.0
595,3.0,1.9544100476116797,90.0,2.23606797749979,1.632993161855452,5.0,119.0,124.08333333333333,127.0
596,30.75,6.257165172872317,44.76097397786095,8.23010244567241,7.10159434460251,40.83147545195113,109.0,120.51219512195122,129.0
597,39.0,7.046725639945928,-35.65833975784673,10.311014386183846,7.93925475235852,44.17766952966369,100.0,113.75,122.0
598,17.75,4.753945931439391,-30.14687687372346,7.762158803990937,3.3041352372621136,18.760407640085653,62.0,68.0,75.0
599,4.25,2.326213245840639,24.90174287953454,2.8476532582367406,1.853138828045373,6.414213562373095,115.0,121.88235294117646,126.0
600,32.75,6.457444935117649,39.26738976129178,7.65514150852258,6.612506811925913,26.19238815542512,94.0,107.89312977099236,117.0
601,3.0,1.9544100476116797,0.0,2.23606797749979,1.632993161855452,5.0,72.0,79.16666666666667,82.0
602,4.5,2.393653682408596,90.0,3.415650255319866,1.632993161855452,7.0,80.0,88.11111111111111,97.0
603,2.25,1.692568750643269,-45.0,1.632993161855452,1.632993161855452,4.0,93.0,104.33333333333333,114.0
604,3.75,2.1850968611841584,0.0,2.8284271247461903,1.632993161855452,6.0,75.0,80.86666666666666,85.0
605,2.25,1.692568750643269,-45.0,1.632993161855452,1.632993161855452,4.0,105.0,116.22222222222223,124.0
606,16.25,4.54864184146723,16.830355641735522,6.592555962555505,3.9733407417190687,20.242640687119284,68.0,80.26153846153846,96.0
607,19.5,4.982787485166879,-50.92649400131596,9.953877383515984,3.8225613486300984,23.8817279836453,112.0,120.97435897435898,128.0
608,3.0,1.9544100476116797,0.0,2.23606797749979,1.632993161855452,5.0,88.0,94.16666666666667,100.0
609,20.25,5.077706251929807,88.52971204026115,9.061728087938132,4.4809889284715485,24.778174593052025,76.0,101.95061728395062,115.0
610,12.5,3.989422804014327,57.539231525719046,5.021337094123765,3.902483028429042,17.053300858899107,114.0,120.72,128.0
611,25.5,5.698035485213008,80.60772740765762,13.39928414576662,3.0681318007902396,29.967514421272202,93.0,105.81372549019608,115.0
612,4.5,2.393653682408596,0.0,2.6666666666666665,2.1081851067789197,6.414213562373095,74.0,79.16666666666667,84.0
613,16.75,4.61809077155419,-81.21077129109864,7.802788540699706,3.118150432316059,17.63908729652601,75.0,90.31343283582089,101.0
614,13.5,4.145929793656026,74.58570450390391,8.754104721039269,2.2657948089066684,18.34619407771256,115.0,121.70370370370371,128.0
615,11.75,3.8678889139475245,86.35209243659236,4.724225878904535,3.180039949796243,11.535533905932738,93.0,110.74468085106383,118.0
616,6.0,2.763953195770684,70.93896748947606,3.043713592785597,2.592666325658453,8.121320343559642,74.0,82.75,89.0
617,2.25,1.692568750643269,-45.0,1.632993161855452,1.632993161855452,4.0,103.0,105.77777777777777,108.0
618,2.25,1.692568750643269,-45.0,1.632993161855452,1.632993161855452,4.0,60.0,66.66666666666667,71.0
619,2.75,1.8712051592547776,74.92930722396234,2.173064992070944,1.5336781623029534,4.707106781186548,76.0,83.27272727272727,89.0
620,2.0,1.5957691216057308,90.0,2.23606797749979,1.0,4.0,68.0,74.25,76.0
621,1.5,1.381976597885342,90.0,1.632993161855452,1.0,3.0,77.0,82.0,91.0
622,1.5,1.381976597885342,90.0,1.632993161855452,1.0,3.0,73.0,81.83333333333333,88.0
623,1.5,1.381976597885342,90.0,1.632993161855452,1.0,3.0,94.0,106.66666666666667,111.0
624,1.5,1.381976597885342,90.0,1.632993161855452,1.0,3.0,110.0,112.5,115.0
